name,email,phone,address,internship
alen,alen1000@gmail.com,432335,,"['test1', 'test2', 'test3', 'sdfsdf', 'yt1']"
faris,faris@gmail.com,4324352,,"['default', 'asdsad', 'default', 'default', 'sgfd', 'default']"
aleena,aleena@gmail.com,454354342,,"['default', 'sdfsdfs', 'default']"
sion,sion@gmail.com,3423432,,"['default', 'dsfsdf']"
arun,arunbabu1021@gmail.com,54353535,,"['default', 'hi']"
